Date,Open,High,Low,Close,Adj Close,Volume
2014-07-01 00:00:00+05:30,135.60000610351562,138.5,135.35000610351562,136.60000610351562,132.0416259765625,1029122
2014-07-02 00:00:00+05:30,138.0,143.35000610351562,136.4499969482422,142.25,137.5030975341797,3605667
2014-07-03 00:00:00+05:30,143.3000030517578,144.1999969482422,138.5,140.4499969482422,135.7631378173828,2152722
2014-07-04 00:00:00+05:30,141.14999389648438,142.89999389648438,137.5500030517578,138.5500030517578,133.92652893066406,1403244
2014-07-07 00:00:00+05:30,138.5,140.3000030517578,137.64999389648438,138.14999389648438,133.5399169921875,813024
2014-07-08 00:00:00+05:30,138.39999389648438,139.0,124.25,126.19999694824219,121.98868560791016,1748413
2014-07-09 00:00:00+05:30,126.30000305175781,127.69999694824219,120.0999984741211,121.30000305175781,117.252197265625,1417712
2014-07-10 00:00:00+05:30,121.30000305175781,127.4000015258789,117.0,122.69999694824219,118.60546875,1577713
2014-07-11 00:00:00+05:30,123.0,125.25,115.05000305175781,117.5,113.57898712158203,1230287
2014-07-14 00:00:00+05:30,117.5,122.0,117.5,118.69999694824219,114.73895263671875,822276
2014-07-15 00:00:00+05:30,120.0,122.5,119.5,121.8499984741211,117.78384399414062,697450
2014-07-16 00:00:00+05:30,122.0999984741211,124.80000305175781,121.80000305175781,123.1500015258789,119.04045104980469,964124
2014-07-17 00:00:00+05:30,123.9000015258789,126.0,122.80000305175781,123.3499984741211,119.2337875366211,1157463
2014-07-18 00:00:00+05:30,124.4000015258789,124.4000015258789,120.0999984741211,123.0,118.89545440673828,618298
2014-07-21 00:00:00+05:30,123.05000305175781,127.80000305175781,123.05000305175781,126.0,121.79535675048828,1321454
2014-07-22 00:00:00+05:30,127.0999984741211,128.39999389648438,125.0999984741211,126.3499984741211,122.13367462158203,961377
2014-07-23 00:00:00+05:30,127.0,127.0,124.0,125.30000305175781,121.11871337890625,687827
2014-07-24 00:00:00+05:30,125.0,128.8000030517578,124.0999984741211,127.8499984741211,123.58361053466797,1237950
2014-07-25 00:00:00+05:30,128.0,128.64999389648438,121.0999984741211,122.8499984741211,118.75047302246094,745550
2014-07-28 00:00:00+05:30,123.0,123.80000305175781,120.30000305175781,121.6500015258789,117.59053039550781,514763
2014-07-30 00:00:00+05:30,117.0,118.80000305175781,115.0,117.05000305175781,113.1440200805664,1006298
2014-07-31 00:00:00+05:30,116.30000305175781,120.05000305175781,116.30000305175781,119.0,115.02893829345703,556766
2014-08-01 00:00:00+05:30,118.0,119.0,113.8499984741211,114.5999984741211,110.77576446533203,817422
2014-08-04 00:00:00+05:30,117.0,117.5,114.94999694824219,115.75,111.88739776611328,290884
2014-08-05 00:00:00+05:30,115.0999984741211,117.0,114.80000305175781,116.4000015258789,112.51570892333984,574332
2014-08-06 00:00:00+05:30,115.5,119.0,114.4000015258789,114.94999694824219,111.11409759521484,800255
2014-08-07 00:00:00+05:30,116.25,117.5,113.69999694824219,113.94999694824219,110.1474609375,758095
2014-08-08 00:00:00+05:30,112.94999694824219,113.0,110.05000305175781,111.0999984741211,107.3925552368164,717538
2014-08-11 00:00:00+05:30,111.69999694824219,113.5,108.30000305175781,109.3499984741211,105.70096588134766,627489
2014-08-12 00:00:00+05:30,109.5,114.4000015258789,109.5,113.3499984741211,109.5674819946289,935806
2014-08-13 00:00:00+05:30,112.30000305175781,113.44999694824219,108.5999984741211,109.4000015258789,105.74929809570312,668101
2014-08-14 00:00:00+05:30,109.4000015258789,111.6500015258789,108.55000305175781,109.8499984741211,106.18428802490234,680934
2014-08-18 00:00:00+05:30,110.05000305175781,115.0,110.05000305175781,114.44999694824219,110.63077545166016,791388
2014-08-19 00:00:00+05:30,115.0,116.5,113.80000305175781,114.3499984741211,110.53411102294922,757726
2014-08-20 00:00:00+05:30,114.0999984741211,117.19999694824219,114.0999984741211,114.80000305175781,110.96910095214844,773749
2014-08-21 00:00:00+05:30,115.0999984741211,118.19999694824219,114.55000305175781,114.9000015258789,111.06578063964844,990111
2014-08-22 00:00:00+05:30,115.0,115.9000015258789,112.5,112.80000305175781,109.03584289550781,499450
2014-08-25 00:00:00+05:30,112.80000305175781,116.8499984741211,111.69999694824219,113.1500015258789,109.37416076660156,926253
2014-08-26 00:00:00+05:30,112.0,113.3499984741211,111.0,112.1500015258789,108.40753173828125,490638
2014-08-27 00:00:00+05:30,112.19999694824219,115.5,112.19999694824219,114.1500015258789,110.34078216552734,716057
2014-08-28 00:00:00+05:30,114.75,116.25,113.25,113.8499984741211,110.05081176757812,685445
2014-09-01 00:00:00+05:30,114.0999984741211,120.0,114.0,119.05000305175781,115.07727813720703,1998559
2014-09-02 00:00:00+05:30,117.9000015258789,118.80000305175781,115.6500015258789,116.0,112.12905883789062,1562645
2014-09-03 00:00:00+05:30,120.0,122.5999984741211,118.5999984741211,120.69999694824219,116.67221069335938,3228834
2014-09-04 00:00:00+05:30,121.30000305175781,136.1999969482422,120.0,133.1999969482422,129.39834594726562,11130604
2014-09-05 00:00:00+05:30,133.5,135.8000030517578,127.30000305175781,128.3000030517578,124.63818359375,4314744
2014-09-08 00:00:00+05:30,128.9499969482422,138.6999969482422,127.3499984741211,137.39999389648438,133.47845458984375,5193465
2014-09-09 00:00:00+05:30,137.89999389648438,141.0,135.85000610351562,137.35000610351562,133.42990112304688,3804409
2014-09-10 00:00:00+05:30,136.0,138.60000610351562,134.10000610351562,135.60000610351562,131.72984313964844,2335091
2014-09-11 00:00:00+05:30,136.8000030517578,146.6999969482422,136.0,145.3000030517578,141.1529998779297,7399961
2014-09-12 00:00:00+05:30,146.3000030517578,150.8000030517578,144.75,147.75,143.53306579589844,7142003
2014-09-15 00:00:00+05:30,145.9499969482422,158.60000610351562,142.25,154.25,149.84754943847656,9318836
2014-09-16 00:00:00+05:30,154.89999389648438,163.39999389648438,151.6999969482422,153.64999389648438,149.26466369628906,12504464
2014-09-17 00:00:00+05:30,155.3000030517578,159.85000610351562,150.10000610351562,151.85000610351562,147.5160369873047,3994909
2014-09-18 00:00:00+05:30,152.5,158.8000030517578,150.64999389648438,155.0,150.57611083984375,3756700
2014-09-19 00:00:00+05:30,155.6999969482422,165.8000030517578,154.3000030517578,164.1999969482422,159.5135498046875,8629494
2014-09-22 00:00:00+05:30,162.60000610351562,167.0500030517578,161.64999389648438,162.75,158.1049346923828,3119605
2014-09-23 00:00:00+05:30,161.60000610351562,163.5,152.10000610351562,153.3000030517578,148.92466735839844,2552259
2014-09-24 00:00:00+05:30,154.0500030517578,156.5,144.75,148.5500030517578,144.31021118164062,2694115
2014-09-25 00:00:00+05:30,149.8000030517578,150.25,139.6999969482422,141.85000610351562,137.80145263671875,1922808
2014-09-26 00:00:00+05:30,139.0,147.8000030517578,135.60000610351562,146.14999389648438,141.9787139892578,2887479
2014-09-29 00:00:00+05:30,147.0,157.60000610351562,145.89999389648438,156.10000610351562,151.6447296142578,3816442
2014-09-30 00:00:00+05:30,156.39999389648438,157.75,149.3000030517578,152.0,147.66175842285156,2155880
2014-10-01 00:00:00+05:30,151.1999969482422,153.64999389648438,148.1999969482422,149.39999389648438,145.13595581054688,1341174
2014-10-07 00:00:00+05:30,150.25,156.4499969482422,149.25,155.1999969482422,150.7704315185547,3275286
2014-10-08 00:00:00+05:30,155.39999389648438,156.0,150.60000610351562,152.5500030517578,148.19606018066406,1272830
2014-10-09 00:00:00+05:30,153.8000030517578,162.9499969482422,153.14999389648438,161.5,156.890625,4617398
2014-10-10 00:00:00+05:30,160.6999969482422,166.25,156.3000030517578,160.4499969482422,155.87057495117188,4424411
2014-10-13 00:00:00+05:30,159.14999389648438,164.64999389648438,158.4499969482422,162.1999969482422,157.57061767578125,2048438
2014-10-14 00:00:00+05:30,163.0,165.5,158.6999969482422,163.14999389648438,158.4935302734375,2690816
2014-10-15 00:00:00+05:30,163.14999389648438,163.14999389648438,163.14999389648438,163.14999389648438,158.4935302734375,0
2014-10-16 00:00:00+05:30,160.35000610351562,164.5,156.10000610351562,157.4499969482422,152.95620727539062,2441634
2014-10-17 00:00:00+05:30,159.1999969482422,159.8000030517578,154.10000610351562,157.35000610351562,152.8590545654297,1701321
2014-10-20 00:00:00+05:30,159.25,161.60000610351562,157.5,158.39999389648438,153.87911987304688,1482168
2014-10-21 00:00:00+05:30,158.5500030517578,161.1999969482422,155.6999969482422,157.5,153.0047607421875,1492535
2014-10-22 00:00:00+05:30,159.6999969482422,164.25,158.1999969482422,162.75,158.1049346923828,2809242
2014-10-27 00:00:00+05:30,167.39999389648438,167.8000030517578,161.8000030517578,162.85000610351562,158.20208740234375,1779701
2014-10-28 00:00:00+05:30,162.0500030517578,172.0,162.0500030517578,171.25,166.36233520507812,5690730
2014-10-29 00:00:00+05:30,173.0,174.25,168.1999969482422,169.3000030517578,164.468017578125,2587562
2014-10-30 00:00:00+05:30,169.85000610351562,172.85000610351562,168.0,170.8000030517578,165.9251708984375,1884361
2014-10-31 00:00:00+05:30,171.0,173.9499969482422,169.0500030517578,169.75,164.90513610839844,1998802
2014-11-03 00:00:00+05:30,170.6999969482422,172.1999969482422,167.25,170.35000610351562,165.488037109375,1628712
2014-11-05 00:00:00+05:30,171.4499969482422,173.64999389648438,165.14999389648438,166.60000610351562,161.84506225585938,2697538
2014-11-07 00:00:00+05:30,156.9499969482422,158.1999969482422,151.0500030517578,154.0,149.6046600341797,3851451
2014-11-10 00:00:00+05:30,152.5,156.3000030517578,151.5,152.4499969482422,148.0989227294922,1375250
2014-11-11 00:00:00+05:30,152.10000610351562,155.89999389648438,152.10000610351562,155.14999389648438,150.7218475341797,1265268
2014-11-12 00:00:00+05:30,156.1999969482422,156.1999969482422,152.0,152.5500030517578,148.19606018066406,940874
2014-11-13 00:00:00+05:30,152.0,153.4499969482422,148.0500030517578,149.0500030517578,144.79595947265625,964386
2014-11-14 00:00:00+05:30,149.0,149.75,145.39999389648438,146.35000610351562,142.17300415039062,1000948
2014-11-17 00:00:00+05:30,146.5,150.5,145.89999389648438,148.8000030517578,144.5531005859375,1096736
2014-11-18 00:00:00+05:30,148.89999389648438,153.3000030517578,148.10000610351562,149.8000030517578,145.52456665039062,1499779
2014-11-19 00:00:00+05:30,150.10000610351562,151.25,145.0,146.4499969482422,142.27015686035156,913110
2014-11-20 00:00:00+05:30,145.14999389648438,147.89999389648438,144.10000610351562,146.64999389648438,142.46444702148438,945746
2014-11-21 00:00:00+05:30,147.39999389648438,149.35000610351562,143.0500030517578,144.35000610351562,140.2301025390625,854475
2014-11-24 00:00:00+05:30,144.89999389648438,145.5,142.4499969482422,142.89999389648438,138.82147216796875,687467
2014-11-25 00:00:00+05:30,142.60000610351562,143.75,136.10000610351562,138.10000610351562,134.15847778320312,856038
2014-11-26 00:00:00+05:30,137.25,141.9499969482422,137.25,138.75,134.78993225097656,1092422
2014-11-27 00:00:00+05:30,138.75,141.64999389648438,138.0500030517578,139.8000030517578,135.80996704101562,699756
2014-11-28 00:00:00+05:30,140.0,144.1999969482422,139.14999389648438,140.10000610351562,136.10137939453125,971570
2014-12-01 00:00:00+05:30,139.39999389648438,143.5,137.25,138.5500030517578,134.59561157226562,1626353
2014-12-02 00:00:00+05:30,137.5,137.5,133.1999969482422,133.85000610351562,130.02976989746094,831322
2014-12-03 00:00:00+05:30,133.85000610351562,135.6999969482422,133.0,133.6999969482422,129.88406372070312,1438636
2014-12-04 00:00:00+05:30,134.6999969482422,138.5,134.14999389648438,135.3000030517578,131.4384002685547,2179866
2014-12-05 00:00:00+05:30,135.39999389648438,137.35000610351562,132.8000030517578,133.35000610351562,129.5440673828125,1007266
2014-12-08 00:00:00+05:30,133.0,134.3000030517578,129.5,130.89999389648438,127.16397094726562,830715
2014-12-09 00:00:00+05:30,130.10000610351562,132.6999969482422,126.0999984741211,127.30000305175781,123.6667251586914,829748
2014-12-10 00:00:00+05:30,126.19999694824219,130.39999389648438,126.19999694824219,129.60000610351562,125.90108489990234,558223
2014-12-11 00:00:00+05:30,130.35000610351562,130.39999389648438,126.5,127.0,123.37528228759766,594165
2014-12-12 00:00:00+05:30,126.55000305175781,130.0,122.0999984741211,122.94999694824219,119.44087219238281,1098729
2014-12-15 00:00:00+05:30,122.25,123.94999694824219,119.30000305175781,120.30000305175781,116.86651611328125,813622
2014-12-16 00:00:00+05:30,119.0999984741211,120.05000305175781,115.25,117.5999984741211,114.24357604980469,1074943
2014-12-17 00:00:00+05:30,116.5,123.19999694824219,113.80000305175781,121.55000305175781,118.0808334350586,1229070
2014-12-18 00:00:00+05:30,124.0,126.0,123.30000305175781,124.4000015258789,120.84949493408203,641048
2014-12-19 00:00:00+05:30,125.0999984741211,128.0,121.6500015258789,123.1500015258789,119.63516235351562,818878
2014-12-22 00:00:00+05:30,123.6500015258789,126.9000015258789,123.6500015258789,126.05000305175781,122.45240783691406,851978
2014-12-23 00:00:00+05:30,125.5999984741211,128.6999969482422,124.1500015258789,125.05000305175781,121.48094940185547,861741
2014-12-24 00:00:00+05:30,125.0999984741211,127.80000305175781,125.0999984741211,126.0999984741211,122.5009765625,552222
2014-12-26 00:00:00+05:30,126.25,127.25,124.80000305175781,126.19999694824219,122.5981216430664,446638
2014-12-29 00:00:00+05:30,126.25,130.5,126.25,129.4499969482422,125.75534057617188,1160788
2014-12-30 00:00:00+05:30,129.8000030517578,130.8000030517578,128.39999389648438,129.64999389648438,125.94963836669922,669209
2014-12-31 00:00:00+05:30,128.14999389648438,130.0,127.55000305175781,128.5500030517578,124.88104248046875,475190
2015-01-01 00:00:00+05:30,127.69999694824219,131.89999389648438,127.69999694824219,129.9499969482422,126.24108123779297,784369
2015-01-02 00:00:00+05:30,129.75,132.1999969482422,127.19999694824219,128.25,124.58960723876953,1003325
2015-01-05 00:00:00+05:30,128.39999389648438,129.75,127.0999984741211,127.9000015258789,124.24960327148438,547522
2015-01-06 00:00:00+05:30,126.5999984741211,126.9000015258789,121.0999984741211,121.69999694824219,118.22654724121094,548049
2015-01-07 00:00:00+05:30,120.25,124.5,120.1500015258789,120.75,117.30367279052734,635198
2015-01-08 00:00:00+05:30,122.0999984741211,128.89999389648438,122.0999984741211,126.0999984741211,122.5009765625,1227700
2015-01-09 00:00:00+05:30,127.4000015258789,128.4499969482422,125.5,126.19999694824219,122.5981216430664,911965
2015-01-12 00:00:00+05:30,127.0999984741211,128.14999389648438,124.80000305175781,125.3499984741211,121.77237701416016,636895
2015-01-13 00:00:00+05:30,125.25,128.75,125.1500015258789,126.55000305175781,122.9381332397461,702417
2015-01-14 00:00:00+05:30,126.0999984741211,127.0,123.55000305175781,124.0,120.46090698242188,401141
2015-01-15 00:00:00+05:30,124.4000015258789,127.4000015258789,124.4000015258789,125.44999694824219,121.86951446533203,514068
2015-01-16 00:00:00+05:30,125.25,130.89999389648438,125.0,130.25,126.53254699707031,1347983
2015-01-19 00:00:00+05:30,131.39999389648438,133.8000030517578,130.0,132.60000610351562,128.81546020507812,1288525
2015-01-20 00:00:00+05:30,133.3000030517578,136.14999389648438,131.10000610351562,133.3000030517578,129.49546813964844,1164875
2015-01-21 00:00:00+05:30,133.0,135.39999389648438,131.25,133.1999969482422,129.39834594726562,771810
2015-01-22 00:00:00+05:30,133.0,133.89999389648438,129.0500030517578,129.8000030517578,126.0953598022461,822437
2015-01-23 00:00:00+05:30,130.9499969482422,131.35000610351562,126.5999984741211,127.1500015258789,123.52100372314453,531916
2015-01-27 00:00:00+05:30,127.0,139.0500030517578,127.0,137.9499969482422,134.0127716064453,2294393
2015-01-28 00:00:00+05:30,137.0,138.75,132.10000610351562,134.10000610351562,130.27264404296875,1247887
2015-01-29 00:00:00+05:30,133.75,135.0,131.60000610351562,132.9499969482422,129.1554718017578,536430
2015-01-30 00:00:00+05:30,133.60000610351562,134.14999389648438,128.1999969482422,129.14999389648438,125.46391296386719,641466
2015-02-02 00:00:00+05:30,128.0500030517578,130.8000030517578,126.0999984741211,127.69999694824219,124.05530548095703,973287
2015-02-03 00:00:00+05:30,128.0,129.64999389648438,125.0999984741211,125.94999694824219,122.35525512695312,373062
2015-02-04 00:00:00+05:30,126.3499984741211,129.10000610351562,124.5999984741211,126.6500015258789,123.03527069091797,551472
2015-02-05 00:00:00+05:30,126.75,130.4499969482422,125.19999694824219,126.25,122.64669799804688,667522
2015-02-06 00:00:00+05:30,126.19999694824219,127.19999694824219,121.5999984741211,122.0999984741211,118.61511993408203,582834
2015-02-09 00:00:00+05:30,120.80000305175781,121.5,112.69999694824219,114.0999984741211,110.84346771240234,1557943
2015-02-10 00:00:00+05:30,113.30000305175781,117.69999694824219,111.05000305175781,111.75,108.5605239868164,1021826
2015-02-11 00:00:00+05:30,112.19999694824219,118.6500015258789,112.19999694824219,116.5,113.17496490478516,1902462
2015-02-12 00:00:00+05:30,119.05000305175781,127.94999694824219,118.19999694824219,126.69999694824219,123.08384704589844,2374205
2015-02-13 00:00:00+05:30,127.5,131.39999389648438,123.30000305175781,124.3499984741211,120.80091857910156,1070333
2015-02-16 00:00:00+05:30,125.0,127.0,122.5999984741211,123.3499984741211,119.82946014404297,505531
2015-02-18 00:00:00+05:30,124.9000015258789,124.9000015258789,119.80000305175781,123.0,119.48944091796875,549671
2015-02-19 00:00:00+05:30,123.80000305175781,126.80000305175781,121.30000305175781,125.80000305175781,122.20952606201172,905215
2015-02-20 00:00:00+05:30,126.05000305175781,137.5,124.5,132.64999389648438,128.864013671875,2843393
2015-02-23 00:00:00+05:30,133.3000030517578,135.14999389648438,130.0,130.85000610351562,127.11540222167969,1367895
2015-02-24 00:00:00+05:30,130.75,135.5500030517578,130.0,132.5500030517578,128.76686096191406,1121772
2015-02-25 00:00:00+05:30,133.0500030517578,137.8000030517578,132.5,135.85000610351562,131.97271728515625,1542965
2015-02-26 00:00:00+05:30,134.85000610351562,135.60000610351562,130.10000610351562,131.3000030517578,127.55256652832031,783159
2015-02-27 00:00:00+05:30,132.39999389648438,136.4499969482422,131.5500030517578,134.1999969482422,130.36976623535156,983288
2015-03-02 00:00:00+05:30,135.39999389648438,137.4499969482422,132.0500030517578,136.0500030517578,132.16702270507812,1442515
2015-03-03 00:00:00+05:30,135.10000610351562,143.35000610351562,133.5500030517578,139.5,135.5185089111328,2537111
2015-03-04 00:00:00+05:30,139.89999389648438,140.89999389648438,133.8000030517578,134.39999389648438,130.56407165527344,1008137
2015-03-05 00:00:00+05:30,134.8000030517578,137.3000030517578,134.0500030517578,135.85000610351562,131.97271728515625,566691
2015-03-09 00:00:00+05:30,132.25,140.1999969482422,132.25,136.14999389648438,132.26412963867188,944434
2015-03-10 00:00:00+05:30,136.8000030517578,137.4499969482422,134.10000610351562,134.89999389648438,131.04978942871094,580228
2015-03-11 00:00:00+05:30,135.75,137.8000030517578,134.3000030517578,135.9499969482422,132.06982421875,611197
2015-03-12 00:00:00+05:30,136.5,140.4499969482422,136.25,139.10000610351562,135.12994384765625,1025357
2015-03-13 00:00:00+05:30,140.39999389648438,145.5500030517578,137.6999969482422,140.39999389648438,136.39283752441406,3166246
2015-03-16 00:00:00+05:30,141.39999389648438,141.85000610351562,135.35000610351562,137.60000610351562,133.67276000976562,920225
2015-03-17 00:00:00+05:30,138.0,139.39999389648438,135.39999389648438,138.1999969482422,134.255615234375,576952
2015-03-18 00:00:00+05:30,138.6999969482422,138.6999969482422,135.60000610351562,137.75,133.81846618652344,426180
2015-03-19 00:00:00+05:30,138.5,142.0,135.5,137.0500030517578,133.13844299316406,866587
2015-03-20 00:00:00+05:30,136.60000610351562,137.10000610351562,131.0,131.39999389648438,127.64971160888672,590917
2015-03-23 00:00:00+05:30,132.39999389648438,134.75,130.6999969482422,131.3000030517578,127.55256652832031,425711
2015-03-24 00:00:00+05:30,131.3000030517578,134.0,130.5500030517578,131.4499969482422,127.69828796386719,411525
2015-03-25 00:00:00+05:30,132.1999969482422,133.4499969482422,131.0,132.35000610351562,128.57260131835938,589894
2015-03-26 00:00:00+05:30,131.5,132.0,127.55000305175781,128.8000030517578,125.12390899658203,419191
2015-03-27 00:00:00+05:30,129.39999389648438,130.60000610351562,124.4000015258789,125.55000305175781,121.96666717529297,434617
2015-03-30 00:00:00+05:30,126.69999694824219,129.25,126.30000305175781,127.80000305175781,124.15245056152344,265132
2015-03-31 00:00:00+05:30,128.75,130.3000030517578,126.5,127.3499984741211,123.71529388427734,406155
2015-04-01 00:00:00+05:30,127.94999694824219,128.60000610351562,124.75,126.94999694824219,123.32672119140625,650074
2015-04-06 00:00:00+05:30,127.19999694824219,127.5999984741211,125.1500015258789,125.80000305175781,122.20952606201172,352110
2015-04-07 00:00:00+05:30,126.80000305175781,137.10000610351562,126.3499984741211,135.5500030517578,131.6812744140625,2074275
2015-04-08 00:00:00+05:30,136.8000030517578,143.0,135.64999389648438,138.9499969482422,134.9842071533203,1811574
2015-04-09 00:00:00+05:30,139.60000610351562,139.64999389648438,134.3000030517578,135.8000030517578,131.9241485595703,596295
2015-04-10 00:00:00+05:30,136.35000610351562,136.35000610351562,133.3000030517578,133.75,129.93263244628906,458206
2015-04-13 00:00:00+05:30,134.0,140.89999389648438,133.8000030517578,138.4499969482422,134.4984893798828,1635562
2015-04-15 00:00:00+05:30,138.5,139.6999969482422,134.35000610351562,135.10000610351562,131.24411010742188,525209
2015-04-16 00:00:00+05:30,135.4499969482422,141.8000030517578,134.0,137.6999969482422,133.7698974609375,1531908
2015-04-17 00:00:00+05:30,137.85000610351562,138.89999389648438,131.75,132.14999389648438,128.3782958984375,622806
2015-04-20 00:00:00+05:30,132.5,133.1999969482422,126.80000305175781,128.89999389648438,125.22105407714844,608868
2015-04-21 00:00:00+05:30,129.5500030517578,134.5500030517578,127.94999694824219,132.1999969482422,128.4268798828125,795173
2015-04-22 00:00:00+05:30,133.60000610351562,134.3000030517578,128.4499969482422,132.6999969482422,128.91261291503906,618399
2015-04-23 00:00:00+05:30,132.3000030517578,137.8000030517578,132.0,133.25,129.44688415527344,722152
2015-04-24 00:00:00+05:30,133.8000030517578,133.85000610351562,126.75,127.44999694824219,123.81243896484375,665012
2015-04-27 00:00:00+05:30,129.39999389648438,129.85000610351562,120.5,121.25,117.78939819335938,551065
2015-04-28 00:00:00+05:30,122.0,123.9000015258789,120.0,122.6500015258789,119.1494369506836,432764
2015-04-29 00:00:00+05:30,123.5999984741211,124.9000015258789,122.1500015258789,122.6500015258789,119.1494369506836,354008
2015-04-30 00:00:00+05:30,123.0,125.19999694824219,121.0,123.75,120.21805572509766,441488
2015-05-04 00:00:00+05:30,125.44999694824219,125.8499984741211,121.80000305175781,124.3499984741211,120.80091857910156,533720
2015-05-05 00:00:00+05:30,124.80000305175781,127.30000305175781,124.0,124.3499984741211,120.80091857910156,376443
2015-05-06 00:00:00+05:30,124.3499984741211,125.05000305175781,120.19999694824219,121.75,118.2751235961914,475517
2015-05-07 00:00:00+05:30,121.80000305175781,121.80000305175781,115.30000305175781,116.1500015258789,112.83495330810547,499436
2015-05-08 00:00:00+05:30,117.80000305175781,119.5,115.0,115.5999984741211,112.30065155029297,495670
2015-05-11 00:00:00+05:30,116.80000305175781,119.30000305175781,116.5,118.0999984741211,114.72930908203125,350839
2015-05-12 00:00:00+05:30,118.4000015258789,118.44999694824219,113.25,113.80000305175781,110.5520248413086,476585
2015-05-13 00:00:00+05:30,113.80000305175781,116.4000015258789,113.80000305175781,114.94999694824219,111.66920471191406,312890
2015-05-14 00:00:00+05:30,116.0,117.44999694824219,114.5999984741211,116.9000015258789,113.56354522705078,327799
2015-05-15 00:00:00+05:30,117.44999694824219,119.5,115.5,116.3499984741211,113.02923583984375,413834
2015-05-18 00:00:00+05:30,116.69999694824219,118.30000305175781,114.80000305175781,116.0,112.68923950195312,367927
2015-05-19 00:00:00+05:30,116.30000305175781,117.5999984741211,115.1500015258789,115.75,112.44637298583984,423365
2015-05-20 00:00:00+05:30,116.69999694824219,116.9000015258789,114.0999984741211,114.5999984741211,111.32918548583984,324259
2015-05-21 00:00:00+05:30,114.55000305175781,115.4000015258789,113.25,113.80000305175781,110.5520248413086,277951
2015-05-22 00:00:00+05:30,114.5999984741211,116.25,113.25,113.69999694824219,110.45486450195312,385616
2015-05-25 00:00:00+05:30,114.1500015258789,114.5999984741211,112.25,112.44999694824219,109.24055480957031,374241
2015-05-26 00:00:00+05:30,113.0,114.0,111.25,112.0999984741211,108.90054321289062,341160
2015-05-27 00:00:00+05:30,110.4000015258789,112.6500015258789,110.1500015258789,111.3499984741211,108.17195892333984,382591
2015-05-28 00:00:00+05:30,111.9000015258789,117.80000305175781,110.0,115.3499984741211,112.05778503417969,1974187
2015-05-29 00:00:00+05:30,114.0,114.0,110.0,111.3499984741211,108.17195892333984,749493
2015-06-01 00:00:00+05:30,112.3499984741211,115.5,111.69999694824219,113.44999694824219,110.2120132446289,1054954
2015-06-02 00:00:00+05:30,113.94999694824219,114.9000015258789,110.0999984741211,111.0,107.83194732666016,490895
2015-06-03 00:00:00+05:30,111.0,111.25,104.0,108.19999694824219,105.11185455322266,572247
2015-06-04 00:00:00+05:30,109.5999984741211,109.6500015258789,105.0,107.3499984741211,104.28611755371094,423448
2015-06-05 00:00:00+05:30,106.9000015258789,108.3499984741211,105.5,106.80000305175781,103.75181579589844,526235
2015-06-08 00:00:00+05:30,107.19999694824219,109.75,105.5999984741211,106.0999984741211,103.07178497314453,510196
2015-06-09 00:00:00+05:30,106.0,106.0,103.9000015258789,104.9000015258789,101.90605163574219,381419
2015-06-10 00:00:00+05:30,105.4000015258789,107.80000305175781,105.0999984741211,105.5999984741211,102.58606719970703,375824
2015-06-11 00:00:00+05:30,106.9000015258789,107.0999984741211,103.25,104.0,101.03173065185547,549763
2015-06-12 00:00:00+05:30,104.30000305175781,105.05000305175781,102.0999984741211,102.8499984741211,99.91455841064453,462380
2015-06-15 00:00:00+05:30,103.0,105.5999984741211,101.4000015258789,102.80000305175781,99.86597442626953,435238
2015-06-16 00:00:00+05:30,103.44999694824219,104.4000015258789,101.6500015258789,103.4000015258789,100.4488525390625,367643
2015-06-17 00:00:00+05:30,104.05000305175781,107.75,104.05000305175781,106.5,103.46038055419922,664623
2015-06-18 00:00:00+05:30,107.0,109.0,106.0,106.30000305175781,103.26608276367188,476257
2015-06-19 00:00:00+05:30,107.5,117.69999694824219,107.30000305175781,115.05000305175781,111.766357421875,3616656
2015-06-22 00:00:00+05:30,115.75,120.94999694824219,113.3499984741211,119.6500015258789,116.23506164550781,2208545
2015-06-23 00:00:00+05:30,120.0,123.0,118.1500015258789,119.94999694824219,116.52649688720703,1112159
2015-06-24 00:00:00+05:30,120.4000015258789,124.4000015258789,118.0999984741211,119.69999694824219,116.28363800048828,1668091
2015-06-25 00:00:00+05:30,120.4000015258789,124.0,119.5,122.75,119.24658203125,868845
2015-06-26 00:00:00+05:30,122.5,125.0,120.30000305175781,124.30000305175781,120.75235748291016,1105447
2015-06-29 00:00:00+05:30,120.0,120.5,117.80000305175781,118.6500015258789,115.26361083984375,860350
2015-06-30 00:00:00+05:30,119.0,121.6500015258789,118.19999694824219,120.19999694824219,116.76936340332031,721425
2015-07-01 00:00:00+05:30,120.4000015258789,129.39999389648438,119.9000015258789,124.44999694824219,120.89806365966797,2572322
2015-07-02 00:00:00+05:30,125.4000015258789,137.89999389648438,125.25,135.25,131.38980102539062,4120976
2015-07-03 00:00:00+05:30,135.9499969482422,136.60000610351562,131.64999389648438,132.4499969482422,128.6697235107422,1185583
2015-07-06 00:00:00+05:30,129.8000030517578,139.64999389648438,128.35000610351562,138.3000030517578,134.35276794433594,1680427
2015-07-07 00:00:00+05:30,139.0,140.4499969482422,135.39999389648438,137.64999389648438,133.72129821777344,998597
2015-07-08 00:00:00+05:30,134.89999389648438,136.60000610351562,129.5500030517578,131.89999389648438,128.1354217529297,1038395
2015-07-09 00:00:00+05:30,132.5,133.9499969482422,130.1999969482422,130.89999389648438,127.16397094726562,422525
2015-07-10 00:00:00+05:30,132.0,134.6999969482422,129.0,130.0,126.2896728515625,525383
2015-07-13 00:00:00+05:30,131.1999969482422,134.9499969482422,131.1999969482422,133.64999389648438,129.83546447753906,693915
2015-07-14 00:00:00+05:30,134.0,137.3000030517578,131.39999389648438,134.0500030517578,130.2240753173828,763059
2015-07-15 00:00:00+05:30,134.14999389648438,138.14999389648438,134.14999389648438,136.5,132.60415649414062,931243
2015-07-16 00:00:00+05:30,136.75,137.35000610351562,135.0,135.75,131.8755340576172,464764
2015-07-17 00:00:00+05:30,135.9499969482422,137.39999389648438,132.8000030517578,133.89999389648438,130.07835388183594,606289
2015-07-20 00:00:00+05:30,137.89999389648438,137.89999389648438,133.39999389648438,136.10000610351562,132.21556091308594,396374
2015-07-21 00:00:00+05:30,136.0,144.1999969482422,135.0,137.0,133.08985900878906,2075031
2015-07-22 00:00:00+05:30,136.39999389648438,142.5,135.60000610351562,140.39999389648438,136.39283752441406,976002
2015-07-23 00:00:00+05:30,140.39999389648438,145.6999969482422,140.0,144.39999389648438,140.27865600585938,1522400
2015-07-24 00:00:00+05:30,150.0,150.89999389648438,143.25,144.5,140.3758087158203,2565707
2015-07-27 00:00:00+05:30,144.6999969482422,147.39999389648438,140.0,144.89999389648438,140.764404296875,1256338
2015-07-28 00:00:00+05:30,145.14999389648438,146.5,140.10000610351562,141.5,137.46144104003906,705265
2015-07-29 00:00:00+05:30,142.3000030517578,143.1999969482422,138.0,138.5,134.54708862304688,569968
2015-07-30 00:00:00+05:30,139.5,142.6999969482422,138.5,139.5,135.5185089111328,798487
2015-07-31 00:00:00+05:30,140.39999389648438,144.39999389648438,139.85000610351562,141.4499969482422,137.41287231445312,903085
2015-08-03 00:00:00+05:30,141.0,142.5,138.60000610351562,139.8000030517578,135.80996704101562,631864
2015-08-04 00:00:00+05:30,139.9499969482422,150.89999389648438,139.85000610351562,149.5,145.2331085205078,3500723
2015-08-05 00:00:00+05:30,150.1999969482422,154.0,147.5,151.39999389648438,147.07887268066406,2377800
2015-08-06 00:00:00+05:30,151.85000610351562,160.6999969482422,147.4499969482422,158.0,153.49050903320312,5235843
2015-08-07 00:00:00+05:30,158.0,169.1999969482422,153.0,162.5,157.86207580566406,6853324
2015-08-10 00:00:00+05:30,163.0,166.1999969482422,157.8000030517578,159.8000030517578,155.23915100097656,2116666
2015-08-11 00:00:00+05:30,159.8000030517578,160.3000030517578,153.39999389648438,155.0,150.57611083984375,879097
2015-08-12 00:00:00+05:30,156.0,162.3000030517578,152.5,154.64999389648438,150.23611450195312,2155711
2015-08-13 00:00:00+05:30,155.3000030517578,157.8000030517578,151.89999389648438,153.1999969482422,148.82752990722656,871352
2015-08-14 00:00:00+05:30,154.14999389648438,158.89999389648438,151.10000610351562,158.0,153.49050903320312,931839
2015-08-17 00:00:00+05:30,158.75,158.85000610351562,153.25,154.0500030517578,149.65325927734375,604264
2015-08-18 00:00:00+05:30,155.0,171.5,154.1999969482422,169.35000610351562,164.51657104492188,3897871
2015-08-19 00:00:00+05:30,167.4499969482422,175.8000030517578,166.10000610351562,168.1999969482422,163.3993682861328,3456645
2015-08-20 00:00:00+05:30,167.0,168.39999389648438,159.5,160.25,155.67628479003906,1158132
2015-08-21 00:00:00+05:30,155.0500030517578,168.35000610351562,154.0,166.64999389648438,161.89361572265625,2612725
2015-08-24 00:00:00+05:30,158.10000610351562,163.39999389648438,135.35000610351562,142.9499969482422,138.8700408935547,2999324
2015-08-25 00:00:00+05:30,148.0,150.25,130.6999969482422,144.85000610351562,140.71583557128906,1887823
2015-08-26 00:00:00+05:30,143.39999389648438,149.39999389648438,140.60000610351562,144.60000610351562,140.4729766845703,929074
2015-08-27 00:00:00+05:30,147.8000030517578,173.5,147.0,171.4499969482422,166.556640625,4448718
2015-08-28 00:00:00+05:30,174.5,179.6999969482422,162.3000030517578,167.1999969482422,162.42794799804688,4675731
2015-08-31 00:00:00+05:30,166.60000610351562,180.5,163.10000610351562,174.75,169.76248168945312,5072274
2015-09-01 00:00:00+05:30,172.0,174.4499969482422,161.5500030517578,164.75,160.04786682128906,2337353
2015-09-02 00:00:00+05:30,166.89999389648438,176.5,165.9499969482422,170.64999389648438,165.77944946289062,3299757
2015-09-03 00:00:00+05:30,172.0,175.0,168.64999389648438,169.9499969482422,166.2686309814453,1578011
2015-09-04 00:00:00+05:30,169.0,172.35000610351562,162.0500030517578,163.5,159.95834350585938,1520660
2015-09-07 00:00:00+05:30,164.3000030517578,166.89999389648438,156.0,156.75,153.3545684814453,950879
2015-09-08 00:00:00+05:30,157.89999389648438,160.89999389648438,151.25,157.5,154.08831787109375,1425925
2015-09-09 00:00:00+05:30,160.75,163.5,157.14999389648438,158.3000030517578,154.8710174560547,1403414
2015-09-10 00:00:00+05:30,155.0,158.14999389648438,152.64999389648438,156.75,153.3545684814453,889282
2015-09-11 00:00:00+05:30,158.3000030517578,162.5,155.10000610351562,156.25,152.8654022216797,1088580
2015-09-14 00:00:00+05:30,156.4499969482422,158.3000030517578,154.5500030517578,155.5,152.13165283203125,566044
2015-09-15 00:00:00+05:30,155.5500030517578,165.1999969482422,155.1999969482422,160.3000030517578,156.82766723632812,2785982
2015-09-16 00:00:00+05:30,162.89999389648438,163.89999389648438,158.0500030517578,158.64999389648438,155.2134246826172,1300106
2015-09-18 00:00:00+05:30,160.75,162.8000030517578,155.10000610351562,156.8000030517578,153.40347290039062,855904
2015-09-21 00:00:00+05:30,156.0,162.60000610351562,155.39999389648438,161.14999389648438,157.65924072265625,957399
2015-09-22 00:00:00+05:30,161.0,163.25,156.0,156.75,153.3545684814453,749474
2015-09-23 00:00:00+05:30,154.8000030517578,158.5,152.1999969482422,155.6999969482422,152.32728576660156,753101
2015-09-24 00:00:00+05:30,154.8000030517578,159.39999389648438,154.8000030517578,156.9499969482422,153.55023193359375,669966
2015-09-28 00:00:00+05:30,156.25,157.75,151.39999389648438,153.0,149.685791015625,465347
2015-09-29 00:00:00+05:30,150.60000610351562,155.5,148.5500030517578,152.6999969482422,149.3922882080078,692593
2015-09-30 00:00:00+05:30,153.60000610351562,156.0,151.60000610351562,152.75,149.44122314453125,612220
2015-10-01 00:00:00+05:30,153.5500030517578,158.6999969482422,153.3000030517578,154.35000610351562,151.00657653808594,950005
2015-10-05 00:00:00+05:30,154.85000610351562,157.3000030517578,153.5500030517578,154.8000030517578,151.4468231201172,629727
2015-10-06 00:00:00+05:30,155.89999389648438,163.8000030517578,155.0500030517578,162.10000610351562,158.58868408203125,2516191
2015-10-07 00:00:00+05:30,163.25,165.3000030517578,159.1999969482422,160.10000610351562,156.63201904296875,1231217
2015-10-08 00:00:00+05:30,160.0500030517578,166.60000610351562,159.10000610351562,163.3000030517578,159.76268005371094,1764142
2015-10-09 00:00:00+05:30,166.0,167.8000030517578,163.0,164.0,160.447509765625,1173348
2015-10-12 00:00:00+05:30,165.5,167.39999389648438,162.0,163.9499969482422,160.39859008789062,908877
2015-10-13 00:00:00+05:30,163.25,164.89999389648438,161.3000030517578,162.85000610351562,159.3224334716797,448114
2015-10-14 00:00:00+05:30,162.85000610351562,169.75,162.39999389648438,165.14999389648438,161.57260131835938,2203487
2015-10-15 00:00:00+05:30,166.75,169.3000030517578,164.39999389648438,166.8000030517578,163.1868896484375,1430446
2015-10-16 00:00:00+05:30,167.35000610351562,171.60000610351562,165.3000030517578,170.0500030517578,166.3665008544922,1907325
2015-10-19 00:00:00+05:30,170.85000610351562,181.6999969482422,169.75,178.89999389648438,175.02476501464844,3314968
2015-10-20 00:00:00+05:30,181.6999969482422,183.3000030517578,176.25,177.89999389648438,174.0464324951172,1865787
2015-10-21 00:00:00+05:30,178.0,187.60000610351562,176.14999389648438,186.5,182.46014404296875,3478983
2015-10-23 00:00:00+05:30,187.89999389648438,188.1999969482422,178.64999389648438,180.8000030517578,176.8835906982422,1519448
2015-10-26 00:00:00+05:30,181.4499969482422,184.35000610351562,179.25,180.1999969482422,176.296630859375,1705608
2015-10-27 00:00:00+05:30,179.25,181.5,177.1999969482422,178.89999389648438,175.02476501464844,884387
2015-10-28 00:00:00+05:30,177.89999389648438,183.0,176.1999969482422,180.3000030517578,176.3944549560547,1331509
2015-10-29 00:00:00+05:30,179.89999389648438,181.6999969482422,177.1999969482422,177.8000030517578,173.94859313964844,575876
2015-10-30 00:00:00+05:30,178.35000610351562,183.85000610351562,173.5,176.1999969482422,172.38323974609375,2030393
2015-11-02 00:00:00+05:30,176.6999969482422,180.5,167.5,172.89999389648438,169.15472412109375,3290445
2015-11-03 00:00:00+05:30,173.89999389648438,174.5,164.5,165.9499969482422,162.35528564453125,1100664
2015-11-04 00:00:00+05:30,167.4499969482422,167.6999969482422,161.10000610351562,161.8000030517578,158.29519653320312,909496
2015-11-05 00:00:00+05:30,161.9499969482422,165.1999969482422,158.0,158.60000610351562,155.16448974609375,896363
2015-11-06 00:00:00+05:30,160.0,161.35000610351562,153.39999389648438,154.25,150.90870666503906,712916
2015-11-09 00:00:00+05:30,149.75,159.5,148.8000030517578,158.39999389648438,154.96881103515625,816239
2015-11-10 00:00:00+05:30,157.60000610351562,161.3000030517578,155.5500030517578,156.64999389648438,153.25672912597656,713407
2015-11-13 00:00:00+05:30,159.4499969482422,163.5,157.1999969482422,162.75,159.22457885742188,1004254
2015-11-16 00:00:00+05:30,161.9499969482422,162.5500030517578,158.75,160.5500030517578,157.07223510742188,473049
2015-11-17 00:00:00+05:30,161.5,165.5,159.85000610351562,161.8000030517578,158.29519653320312,905380
2015-11-18 00:00:00+05:30,162.0,163.39999389648438,158.0500030517578,159.0500030517578,155.604736328125,436070
2015-11-19 00:00:00+05:30,160.39999389648438,162.5,159.6999969482422,161.5,158.0016632080078,348244
2015-11-20 00:00:00+05:30,161.6999969482422,164.4499969482422,160.8000030517578,162.3000030517578,158.7843475341797,473104
2015-11-23 00:00:00+05:30,162.5500030517578,168.39999389648438,162.5500030517578,167.64999389648438,164.01844787597656,1156894
2015-11-24 00:00:00+05:30,167.1999969482422,170.3000030517578,166.1999969482422,168.5,164.85003662109375,684192
2015-11-26 00:00:00+05:30,168.25,169.89999389648438,166.10000610351562,167.35000610351562,163.72496032714844,299641
2015-11-27 00:00:00+05:30,167.4499969482422,168.3000030517578,163.6999969482422,164.75,161.1812744140625,356401
2015-11-30 00:00:00+05:30,164.9499969482422,175.6999969482422,164.8000030517578,174.6999969482422,170.91574096679688,1820630
2015-12-01 00:00:00+05:30,175.10000610351562,175.64999389648438,170.5500030517578,171.64999389648438,167.9318084716797,930802
2015-12-02 00:00:00+05:30,172.0,172.6999969482422,165.39999389648438,167.3000030517578,163.67604064941406,590431
2015-12-03 00:00:00+05:30,165.75,172.6999969482422,165.5500030517578,168.4499969482422,164.8011474609375,639027
2015-12-04 00:00:00+05:30,166.89999389648438,168.0,163.5,164.0500030517578,160.49642944335938,429776
2015-12-07 00:00:00+05:30,165.6999969482422,168.0,163.1999969482422,164.4499969482422,160.88775634765625,262093
2015-12-08 00:00:00+05:30,164.25,165.8000030517578,158.6999969482422,159.75,156.28958129882812,303991
2015-12-09 00:00:00+05:30,159.6999969482422,160.0,151.5,153.39999389648438,150.07713317871094,433932
2015-12-10 00:00:00+05:30,153.85000610351562,157.8000030517578,153.25,156.75,153.3545684814453,342467
2015-12-11 00:00:00+05:30,157.10000610351562,158.85000610351562,152.0,154.0500030517578,150.7130584716797,435787
2015-12-14 00:00:00+05:30,152.75,155.25,150.6999969482422,152.8000030517578,149.4901123046875,463706
2015-12-15 00:00:00+05:30,153.60000610351562,157.1999969482422,153.0,156.4499969482422,153.06106567382812,445292
2015-12-16 00:00:00+05:30,157.0500030517578,159.0,154.0500030517578,154.75,151.39788818359375,468260
2015-12-17 00:00:00+05:30,156.14999389648438,161.4499969482422,155.39999389648438,160.35000610351562,156.87660217285156,503518
2015-12-18 00:00:00+05:30,160.35000610351562,164.4499969482422,158.35000610351562,159.5,156.04498291015625,667174
2015-12-21 00:00:00+05:30,159.8000030517578,163.3000030517578,159.5,161.4499969482422,157.9527587890625,403470
2015-12-22 00:00:00+05:30,162.10000610351562,163.3000030517578,159.6999969482422,160.75,157.26791381835938,371345
2015-12-23 00:00:00+05:30,160.75,168.0,160.75,166.64999389648438,163.04013061523438,917617
2015-12-24 00:00:00+05:30,167.14999389648438,170.85000610351562,165.0500030517578,169.85000610351562,166.1708221435547,884267
2015-12-28 00:00:00+05:30,168.85000610351562,171.89999389648438,167.10000610351562,167.85000610351562,164.21412658691406,484882
2015-12-29 00:00:00+05:30,168.6999969482422,172.89999389648438,166.75,171.6999969482422,167.98072814941406,867471
2015-12-30 00:00:00+05:30,172.5,176.39999389648438,170.3000030517578,171.14999389648438,167.442626953125,969950
2015-12-31 00:00:00+05:30,170.10000610351562,173.35000610351562,170.10000610351562,171.89999389648438,168.1763916015625,323676
2016-01-01 00:00:00+05:30,171.89999389648438,173.0,168.39999389648438,170.1999969482422,166.51321411132812,335512
2016-01-04 00:00:00+05:30,168.0,168.39999389648438,161.6999969482422,165.39999389648438,161.8172149658203,640187
2016-01-05 00:00:00+05:30,166.0,172.89999389648438,164.1999969482422,169.6999969482422,166.02406311035156,887865
2016-01-06 00:00:00+05:30,169.0500030517578,173.8000030517578,165.60000610351562,167.0500030517578,163.43145751953125,638148
2016-01-07 00:00:00+05:30,166.0,166.1999969482422,158.10000610351562,159.0500030517578,155.604736328125,460114
2016-01-08 00:00:00+05:30,160.35000610351562,163.75,160.35000610351562,162.85000610351562,159.3224334716797,260506
2016-01-11 00:00:00+05:30,161.5,162.5,158.0500030517578,158.6999969482422,155.26231384277344,319793
2016-01-12 00:00:00+05:30,158.85000610351562,161.0,155.5,156.60000610351562,153.2078094482422,285425
2016-01-13 00:00:00+05:30,156.75,159.3000030517578,144.0,148.85000610351562,145.62570190429688,646742
2016-01-14 00:00:00+05:30,146.0500030517578,148.89999389648438,140.10000610351562,145.10000610351562,141.95692443847656,371161
2016-01-15 00:00:00+05:30,146.39999389648438,147.6999969482422,134.0,135.14999389648438,132.22244262695312,480767
2016-01-18 00:00:00+05:30,136.0,139.6999969482422,127.0999984741211,128.10000610351562,125.3251724243164,561126
2016-01-19 00:00:00+05:30,126.80000305175781,134.0,126.80000305175781,133.35000610351562,130.46144104003906,406074
2016-01-20 00:00:00+05:30,132.39999389648438,132.39999389648438,124.80000305175781,127.3499984741211,124.59140014648438,346482
2016-01-21 00:00:00+05:30,128.60000610351562,131.89999389648438,127.19999694824219,128.75,125.9610824584961,316591
2016-01-22 00:00:00+05:30,131.0,134.3000030517578,129.4499969482422,132.14999389648438,129.2874298095703,370056
2016-01-25 00:00:00+05:30,133.60000610351562,136.6999969482422,132.5,133.1999969482422,130.314697265625,276339
2016-01-27 00:00:00+05:30,134.10000610351562,135.60000610351562,131.1999969482422,133.8000030517578,130.9016876220703,258035
2016-01-28 00:00:00+05:30,133.8000030517578,134.25,129.89999389648438,131.3000030517578,128.45587158203125,260243
2016-01-29 00:00:00+05:30,132.3000030517578,135.6999969482422,130.64999389648438,135.14999389648438,132.22244262695312,429968
2016-02-01 00:00:00+05:30,135.85000610351562,138.1999969482422,135.75,136.5500030517578,133.59214782714844,293823
2016-02-02 00:00:00+05:30,136.0,137.89999389648438,128.0,132.14999389648438,129.2874298095703,903559
2016-02-03 00:00:00+05:30,129.1999969482422,130.1999969482422,125.80000305175781,127.25,124.49358367919922,381107
2016-02-04 00:00:00+05:30,130.0,130.39999389648438,121.0,122.94999694824219,120.28672790527344,294963
2016-02-05 00:00:00+05:30,123.5,132.75,123.5,131.8000030517578,128.94503784179688,433889
2016-02-08 00:00:00+05:30,131.5,135.1999969482422,128.39999389648438,130.35000610351562,127.52642822265625,435917
2016-02-09 00:00:00+05:30,127.80000305175781,133.39999389648438,127.80000305175781,131.3000030517578,128.45587158203125,322662
2016-02-10 00:00:00+05:30,130.0,130.89999389648438,126.0999984741211,127.6500015258789,124.8849105834961,369071
2016-02-11 00:00:00+05:30,126.55000305175781,128.8000030517578,118.80000305175781,120.80000305175781,118.18328857421875,337837
2016-02-12 00:00:00+05:30,118.5999984741211,120.9000015258789,112.80000305175781,117.19999694824219,114.6612777709961,397515
2016-02-15 00:00:00+05:30,117.8499984741211,125.8499984741211,117.8499984741211,124.5999984741211,121.90099334716797,333770
2016-02-16 00:00:00+05:30,125.3499984741211,126.05000305175781,118.0999984741211,119.8499984741211,117.25386047363281,235764
2016-02-17 00:00:00+05:30,118.5,119.44999694824219,114.0,118.1500015258789,115.59069061279297,340777
2016-02-18 00:00:00+05:30,119.55000305175781,122.75,117.0999984741211,118.8499984741211,116.27554321289062,240020
2016-02-19 00:00:00+05:30,117.1500015258789,122.30000305175781,117.1500015258789,119.69999694824219,117.10712432861328,235656
2016-02-22 00:00:00+05:30,120.30000305175781,122.44999694824219,119.5,121.5999984741211,118.96595764160156,157987
2016-02-23 00:00:00+05:30,121.94999694824219,129.6999969482422,121.94999694824219,125.4000015258789,122.68366241455078,1008099
2016-02-24 00:00:00+05:30,126.05000305175781,128.0,124.9000015258789,125.5999984741211,122.87932586669922,417779
2016-02-25 00:00:00+05:30,126.0,126.9000015258789,125.0,125.3499984741211,122.63472747802734,185422
2016-02-26 00:00:00+05:30,127.19999694824219,128.39999389648438,126.25,127.55000305175781,124.78707885742188,469977
2016-02-29 00:00:00+05:30,128.0,131.8000030517578,121.30000305175781,125.69999694824219,122.9771499633789,483355
2016-03-01 00:00:00+05:30,126.3499984741211,133.89999389648438,124.80000305175781,131.4499969482422,128.60260009765625,969611
2016-03-02 00:00:00+05:30,131.8000030517578,134.35000610351562,131.0,132.1999969482422,129.3363494873047,525338
2016-03-03 00:00:00+05:30,132.25,137.0,132.0,135.14999389648438,132.22244262695312,407600
2016-03-04 00:00:00+05:30,135.0,139.35000610351562,133.14999389648438,138.3000030517578,135.30422973632812,549822
2016-03-08 00:00:00+05:30,137.6999969482422,139.6999969482422,135.10000610351562,136.9499969482422,133.9834442138672,325374
2016-03-09 00:00:00+05:30,136.0,138.25,135.5,137.8000030517578,134.81507873535156,204196
2016-03-10 00:00:00+05:30,137.89999389648438,138.64999389648438,134.6999969482422,135.3000030517578,132.36923217773438,256018
2016-03-11 00:00:00+05:30,135.0,136.8000030517578,131.25,131.9499969482422,129.09176635742188,264522
2016-03-14 00:00:00+05:30,133.10000610351562,134.8000030517578,129.5,130.89999389648438,128.06451416015625,350403
2016-03-15 00:00:00+05:30,131.5500030517578,131.5500030517578,127.5,129.0,126.20568084716797,332398
2016-03-16 00:00:00+05:30,128.60000610351562,130.10000610351562,127.0999984741211,129.1999969482422,126.40133666992188,167626
2016-03-17 00:00:00+05:30,132.25,134.8000030517578,131.25,132.35000610351562,129.48312377929688,357749
2016-03-18 00:00:00+05:30,132.35000610351562,133.4499969482422,130.39999389648438,131.4499969482422,128.60260009765625,192606
2016-03-21 00:00:00+05:30,131.8000030517578,136.25,131.10000610351562,134.89999389648438,131.9778594970703,401204
2016-03-22 00:00:00+05:30,135.3000030517578,137.75,133.5500030517578,136.0,133.05404663085938,532250
2016-03-23 00:00:00+05:30,135.89999389648438,144.3000030517578,134.5,139.8000030517578,136.771728515625,1035095
2016-03-28 00:00:00+05:30,140.5,144.0500030517578,134.75,136.1999969482422,133.24972534179688,686712
2016-03-29 00:00:00+05:30,137.0,140.0,136.5,137.64999389648438,134.6682891845703,369066
2016-03-30 00:00:00+05:30,140.5,142.85000610351562,138.6999969482422,139.9499969482422,136.91847229003906,517751
2016-03-31 00:00:00+05:30,139.25,141.39999389648438,137.60000610351562,139.25,136.233642578125,269793
2016-04-01 00:00:00+05:30,138.14999389648438,143.8000030517578,137.6999969482422,139.39999389648438,136.38038635253906,1767055
2016-04-04 00:00:00+05:30,140.35000610351562,146.3000030517578,139.75,145.5500030517578,142.3971710205078,1382938
2016-04-05 00:00:00+05:30,144.3000030517578,144.89999389648438,140.5500030517578,142.3000030517578,139.2175750732422,576934
2016-04-06 00:00:00+05:30,143.0500030517578,152.4499969482422,141.3000030517578,150.3000030517578,147.04428100585938,1986143
2016-04-07 00:00:00+05:30,151.0,154.5,147.35000610351562,148.85000610351562,145.62570190429688,1257748
2016-04-08 00:00:00+05:30,149.5,154.4499969482422,149.3000030517578,153.14999389648438,149.83253479003906,690799
2016-04-11 00:00:00+05:30,153.0,154.39999389648438,151.14999389648438,153.14999389648438,149.83253479003906,475617
2016-04-12 00:00:00+05:30,155.6999969482422,171.0,155.6999969482422,169.25,165.5837860107422,5883465
2016-04-13 00:00:00+05:30,170.89999389648438,173.3000030517578,167.5500030517578,168.60000610351562,164.94789123535156,1954199
2016-04-18 00:00:00+05:30,169.5,175.35000610351562,166.39999389648438,171.14999389648438,167.442626953125,1271748
2016-04-20 00:00:00+05:30,172.1999969482422,174.89999389648438,169.6999969482422,172.85000610351562,169.10581970214844,948254
2016-04-21 00:00:00+05:30,173.3000030517578,175.85000610351562,166.5,168.8000030517578,165.14356994628906,869436
2016-04-22 00:00:00+05:30,168.0,169.89999389648438,166.60000610351562,168.0500030517578,164.4097900390625,446711
2016-04-25 00:00:00+05:30,169.0500030517578,169.6999969482422,165.0,166.64999389648438,163.04013061523438,427774
2016-04-26 00:00:00+05:30,166.64999389648438,169.8000030517578,165.75,167.64999389648438,164.01844787597656,440518
2016-04-27 00:00:00+05:30,168.5,173.64999389648438,166.5,172.0500030517578,168.32315063476562,1008949
2016-04-28 00:00:00+05:30,171.89999389648438,174.35000610351562,169.14999389648438,170.39999389648438,166.70889282226562,821697
2016-04-29 00:00:00+05:30,170.5,171.64999389648438,166.1999969482422,169.25,165.5837860107422,484445
2016-05-02 00:00:00+05:30,168.85000610351562,177.35000610351562,166.9499969482422,173.5500030517578,169.79066467285156,2031675
2016-05-03 00:00:00+05:30,174.25,177.9499969482422,170.5,171.39999389648438,167.68722534179688,997841
2016-05-04 00:00:00+05:30,170.5500030517578,170.6999969482422,164.0,165.1999969482422,161.6215362548828,526508
2016-05-05 00:00:00+05:30,166.0500030517578,166.6999969482422,162.60000610351562,164.35000610351562,160.78993225097656,588509
2016-05-06 00:00:00+05:30,164.0,167.8000030517578,163.25,166.39999389648438,162.7955322265625,439481
2016-05-09 00:00:00+05:30,167.0,172.1999969482422,166.89999389648438,171.14999389648438,167.442626953125,712334
2016-05-10 00:00:00+05:30,171.5,175.5,166.0,173.5500030517578,169.79066467285156,704540
2016-05-11 00:00:00+05:30,170.5,179.6999969482422,170.0,178.6999969482422,174.8291015625,1892442
2016-05-12 00:00:00+05:30,177.75,180.4499969482422,174.60000610351562,177.0,173.16592407226562,1078782
2016-05-13 00:00:00+05:30,176.75,178.8000030517578,172.5500030517578,173.9499969482422,170.18197631835938,903714
2016-05-16 00:00:00+05:30,173.85000610351562,175.39999389648438,170.8000030517578,173.85000610351562,170.08416748046875,591273
2016-05-17 00:00:00+05:30,174.5,181.6999969482422,172.85000610351562,178.89999389648438,175.02476501464844,1979368
2016-05-18 00:00:00+05:30,177.9499969482422,180.89999389648438,176.1999969482422,177.0,173.16592407226562,758470
2016-05-19 00:00:00+05:30,176.75,179.3000030517578,171.35000610351562,172.60000610351562,168.86123657226562,633140
2016-05-20 00:00:00+05:30,173.0,175.5,170.10000610351562,171.60000610351562,167.8828887939453,533686
2016-05-23 00:00:00+05:30,173.0,173.9499969482422,166.64999389648438,167.0500030517578,163.43145751953125,582561
2016-05-24 00:00:00+05:30,167.9499969482422,172.4499969482422,166.5,171.25,167.54046630859375,805185
2016-05-25 00:00:00+05:30,173.0500030517578,179.75,170.6999969482422,173.6999969482422,169.93743896484375,2727928
2016-05-26 00:00:00+05:30,174.0,176.0,172.0,173.4499969482422,169.69281005859375,788164
2016-05-27 00:00:00+05:30,174.0500030517578,176.0,172.3000030517578,173.10000610351562,169.3504180908203,627079
2016-05-30 00:00:00+05:30,173.8000030517578,174.75,172.3000030517578,173.75,169.98631286621094,342610
2016-05-31 00:00:00+05:30,174.4499969482422,177.6999969482422,172.85000610351562,174.6999969482422,170.91574096679688,694533
2016-06-01 00:00:00+05:30,176.0,178.0,173.89999389648438,174.85000610351562,171.0625,1170590
2016-06-02 00:00:00+05:30,174.9499969482422,176.0,172.5,173.8000030517578,170.03524780273438,482458
2016-06-03 00:00:00+05:30,174.6999969482422,175.4499969482422,170.1999969482422,170.85000610351562,167.14913940429688,473454
2016-06-06 00:00:00+05:30,169.1999969482422,173.89999389648438,168.1999969482422,172.9499969482422,169.20364379882812,555928
2016-06-07 00:00:00+05:30,173.6999969482422,174.4499969482422,170.1999969482422,171.85000610351562,168.1274871826172,373098
2016-06-08 00:00:00+05:30,172.6999969482422,175.5,170.5,171.89999389648438,168.1763916015625,695656
2016-06-09 00:00:00+05:30,172.25,173.4499969482422,170.6999969482422,171.85000610351562,168.1274871826172,330039
2016-06-10 00:00:00+05:30,173.10000610351562,181.0,173.10000610351562,177.1999969482422,173.36158752441406,2086414
2016-06-13 00:00:00+05:30,175.14999389648438,184.0,173.25,181.75,177.8130340576172,1761206
2016-06-14 00:00:00+05:30,183.0,185.39999389648438,176.8000030517578,180.6999969482422,176.7857666015625,1472415
2016-06-15 00:00:00+05:30,181.9499969482422,187.0,180.25,181.9499969482422,178.00869750976562,1244985
2016-06-16 00:00:00+05:30,181.5,182.89999389648438,176.10000610351562,178.6999969482422,174.8291015625,814850
2016-06-17 00:00:00+05:30,179.39999389648438,180.39999389648438,173.6999969482422,176.39999389648438,172.5789031982422,647030
2016-06-20 00:00:00+05:30,177.39999389648438,184.5,177.39999389648438,183.3000030517578,179.32943725585938,1323659
2016-06-21 00:00:00+05:30,184.6999969482422,184.6999969482422,180.75,182.14999389648438,178.204345703125,815997
2016-06-22 00:00:00+05:30,185.0,210.39999389648438,185.0,207.64999389648438,203.15199279785156,21562785
2016-06-23 00:00:00+05:30,208.0500030517578,214.0,202.89999389648438,204.35000610351562,199.92347717285156,7565731
2016-06-24 00:00:00+05:30,192.0,211.89999389648438,185.5500030517578,209.5500030517578,205.01083374023438,7160036
2016-06-27 00:00:00+05:30,210.0,222.0,208.3000030517578,218.3000030517578,213.57130432128906,6863695
2016-06-28 00:00:00+05:30,219.39999389648438,224.35000610351562,216.14999389648438,219.14999389648438,214.40289306640625,3687899
2016-06-29 00:00:00+05:30,220.39999389648438,224.1999969482422,218.85000610351562,222.3000030517578,217.4846649169922,2289761
2016-06-30 00:00:00+05:30,223.89999389648438,225.5,218.8000030517578,219.89999389648438,215.1366424560547,1875433
2016-07-01 00:00:00+05:30,221.89999389648438,228.5,218.0,223.14999389648438,218.31622314453125,4258938
2016-07-04 00:00:00+05:30,225.0,225.75,219.5,222.0500030517578,217.2400665283203,1834883
2016-07-05 00:00:00+05:30,222.10000610351562,227.75,221.39999389648438,222.8000030517578,217.97381591796875,1673335
2016-07-07 00:00:00+05:30,223.60000610351562,226.85000610351562,217.35000610351562,218.5,213.7669677734375,1223650
2016-07-08 00:00:00+05:30,219.10000610351562,221.6999969482422,214.0,219.60000610351562,214.84315490722656,1191471
2016-07-11 00:00:00+05:30,222.1999969482422,224.85000610351562,218.0,219.75,214.98988342285156,1043945
2016-07-12 00:00:00+05:30,220.85000610351562,229.64999389648438,219.5,226.35000610351562,221.44692993164062,1729354
2016-07-13 00:00:00+05:30,229.6999969482422,242.60000610351562,227.0,237.64999389648438,232.50216674804688,5786608
2016-07-14 00:00:00+05:30,240.10000610351562,245.39999389648438,238.60000610351562,240.89999389648438,235.6817626953125,2462502
2016-07-15 00:00:00+05:30,242.0,243.5500030517578,235.0,235.5,230.39874267578125,1017625
2016-07-18 00:00:00+05:30,237.4499969482422,240.5,235.0,236.14999389648438,231.0346221923828,817828
2016-07-19 00:00:00+05:30,237.0,240.0,235.6999969482422,238.85000610351562,233.67617797851562,696881
2016-07-20 00:00:00+05:30,240.60000610351562,250.39999389648438,240.5,248.5,243.11712646484375,2421482
2016-07-21 00:00:00+05:30,250.9499969482422,256.5,248.60000610351562,251.60000610351562,246.1499786376953,1691581
2016-07-22 00:00:00+05:30,251.0,253.39999389648438,246.10000610351562,248.4499969482422,243.06820678710938,902393
2016-07-25 00:00:00+05:30,248.8000030517578,258.45001220703125,244.10000610351562,255.35000610351562,249.8187713623047,1555858
2016-07-26 00:00:00+05:30,257.8999938964844,260.95001220703125,248.0500030517578,250.39999389648438,244.9759521484375,1284899
2016-07-27 00:00:00+05:30,252.6999969482422,256.8500061035156,247.3000030517578,253.25,247.7642364501953,1031348
2016-07-28 00:00:00+05:30,254.5500030517578,267.0,250.10000610351562,259.45001220703125,253.82992553710938,5786043
2016-07-29 00:00:00+05:30,260.6499938964844,269.70001220703125,260.5,262.5,256.8138427734375,2877199
2016-08-01 00:00:00+05:30,264.95001220703125,265.75,256.54998779296875,258.6000061035156,252.9983673095703,1484989
2016-08-02 00:00:00+05:30,260.0,272.8999938964844,259.8500061035156,268.0,262.1947021484375,2637231
2016-08-03 00:00:00+05:30,268.70001220703125,270.29998779296875,261.04998779296875,265.6000061035156,259.8467102050781,1079733
2016-08-04 00:00:00+05:30,268.0,271.1499938964844,258.1000061035156,262.5,256.8138427734375,1189169
2016-08-05 00:00:00+05:30,264.1000061035156,267.3999938964844,260.6499938964844,263.6000061035156,257.89007568359375,598561
2016-08-08 00:00:00+05:30,265.6000061035156,265.8999938964844,260.0,261.54998779296875,255.88442993164062,525289
2016-08-09 00:00:00+05:30,262.79998779296875,265.54998779296875,258.75,260.95001220703125,255.2974395751953,698585
2016-08-10 00:00:00+05:30,262.0,268.6000061035156,259.0,260.0,254.36801147460938,991642
2016-08-11 00:00:00+05:30,260.95001220703125,312.0,255.5,305.0,298.39324951171875,13075362
2016-08-12 00:00:00+05:30,304.0,311.79998779296875,295.8999938964844,299.6000061035156,293.1102294921875,6365901
2016-08-16 00:00:00+05:30,300.79998779296875,314.8500061035156,299.0,305.0,298.39324951171875,3969531
2016-08-17 00:00:00+05:30,306.29998779296875,314.29998779296875,305.20001220703125,312.1499938964844,305.388427734375,2421199
2016-08-18 00:00:00+05:30,314.8999938964844,319.75,311.1000061035156,313.45001220703125,306.6601867675781,1938737
2016-08-19 00:00:00+05:30,314.0,315.1000061035156,304.6000061035156,305.75,299.1270446777344,1120128
2016-08-22 00:00:00+05:30,307.1000061035156,323.6499938964844,303.25,316.0,309.1549987792969,4251875
2016-08-23 00:00:00+05:30,316.3999938964844,333.3999938964844,312.1000061035156,326.8500061035156,319.7698974609375,4964057
2016-08-24 00:00:00+05:30,328.0,328.0,313.3999938964844,317.6499938964844,310.76922607421875,2520706
2016-08-25 00:00:00+05:30,319.0,332.8999938964844,317.1000061035156,329.45001220703125,322.31365966796875,4395322
2016-08-26 00:00:00+05:30,329.0,330.54998779296875,321.1000061035156,322.70001220703125,315.7098693847656,1431589
2016-08-29 00:00:00+05:30,323.20001220703125,326.25,316.70001220703125,321.1499938964844,314.19342041015625,1275052
2016-08-30 00:00:00+05:30,322.3999938964844,329.0,320.0,326.20001220703125,319.134033203125,1602734
2016-08-31 00:00:00+05:30,328.5,334.8999938964844,323.5,325.45001220703125,318.4002990722656,2194443
2016-09-01 00:00:00+05:30,326.3999938964844,334.3999938964844,325.04998779296875,330.3999938964844,323.2430725097656,2629514
2016-09-02 00:00:00+05:30,332.3999938964844,337.20001220703125,330.6000061035156,332.5,325.29754638671875,1495485
2016-09-06 00:00:00+05:30,333.79998779296875,336.79998779296875,331.25,333.79998779296875,326.5693664550781,1061981
2016-09-07 00:00:00+05:30,335.25,343.8999938964844,335.25,337.5,330.18927001953125,1919666
2016-09-08 00:00:00+05:30,338.70001220703125,344.8999938964844,337.0,342.20001220703125,335.9820556640625,1188552
2016-09-09 00:00:00+05:30,342.95001220703125,374.70001220703125,338.20001220703125,366.70001220703125,360.0368957519531,7203999
2016-09-12 00:00:00+05:30,354.1000061035156,365.70001220703125,347.1499938964844,351.6499938964844,345.26031494140625,3125540
2016-09-14 00:00:00+05:30,350.6000061035156,358.8500061035156,348.1000061035156,352.70001220703125,346.2912902832031,1483791
2016-09-15 00:00:00+05:30,354.8500061035156,358.0,344.0,345.6499938964844,339.3693542480469,1245246
2016-09-16 00:00:00+05:30,347.8500061035156,357.0,337.54998779296875,345.04998779296875,338.7802734375,1440088
2016-09-19 00:00:00+05:30,348.0,353.5,345.20001220703125,348.75,342.41302490234375,1061089
2016-09-20 00:00:00+05:30,351.0,373.79998779296875,350.1000061035156,366.8500061035156,360.1841125488281,5495696
2016-09-21 00:00:00+05:30,366.8999938964844,377.8999938964844,363.1000061035156,369.3999938964844,362.68780517578125,2788170
2016-09-22 00:00:00+05:30,373.3999938964844,385.8999938964844,371.79998779296875,382.70001220703125,375.74615478515625,3423748
2016-09-23 00:00:00+05:30,383.75,384.29998779296875,377.1499938964844,380.70001220703125,373.7825012207031,1228047
2016-09-26 00:00:00+05:30,378.0,380.8999938964844,370.5,375.1000061035156,368.2842712402344,1138704
2016-09-27 00:00:00+05:30,375.45001220703125,392.70001220703125,375.45001220703125,383.29998779296875,376.335205078125,3672759
2016-09-28 00:00:00+05:30,384.0,392.3999938964844,384.0,386.75,379.7225036621094,1460179
2016-09-29 00:00:00+05:30,388.0,391.20001220703125,331.0,365.6499938964844,359.0059509277344,3626931
2016-09-30 00:00:00+05:30,365.0,378.45001220703125,362.29998779296875,375.6000061035156,368.775146484375,1655898
2016-10-03 00:00:00+05:30,383.3999938964844,410.0,380.0,406.8999938964844,399.5064392089844,5599743
2016-10-04 00:00:00+05:30,408.0,414.3999938964844,400.79998779296875,408.70001220703125,401.2737121582031,2460624
2016-10-05 00:00:00+05:30,410.79998779296875,412.1499938964844,400.70001220703125,402.3500061035156,395.0390930175781,1211874
2016-10-06 00:00:00+05:30,404.75,407.20001220703125,387.0,389.79998779296875,382.71710205078125,1279047
2016-10-07 00:00:00+05:30,392.5,403.0,382.6000061035156,399.29998779296875,392.04449462890625,1609544
2016-10-10 00:00:00+05:30,403.0,406.79998779296875,396.04998779296875,397.95001220703125,390.71905517578125,1139672
2016-10-13 00:00:00+05:30,393.0,396.0,375.5,384.95001220703125,377.95526123046875,1210028
2016-10-14 00:00:00+05:30,388.3999938964844,391.3999938964844,381.25,386.04998779296875,379.0352783203125,671739
2016-10-17 00:00:00+05:30,386.0,395.70001220703125,384.04998779296875,392.04998779296875,384.9262390136719,985147
2016-10-18 00:00:00+05:30,394.0,394.75,386.5,389.6000061035156,382.520751953125,638916
2016-10-19 00:00:00+05:30,391.04998779296875,394.0,384.29998779296875,386.5,379.4770812988281,619564
2016-10-20 00:00:00+05:30,388.0,394.5,385.1000061035156,387.25,380.21343994140625,817805
2016-10-21 00:00:00+05:30,388.5,400.79998779296875,387.1000061035156,397.25,390.03173828125,1956844
2016-10-24 00:00:00+05:30,397.8999938964844,403.3999938964844,391.3999938964844,397.95001220703125,390.71905517578125,1428623
2016-10-25 00:00:00+05:30,397.5,399.0,393.0,395.3500061035156,388.166259765625,502899
2016-10-26 00:00:00+05:30,394.6000061035156,410.5,392.25,401.3999938964844,394.10638427734375,2141745
2016-10-27 00:00:00+05:30,403.0,413.8999938964844,371.6000061035156,379.04998779296875,372.1624450683594,5522916
2016-10-28 00:00:00+05:30,382.0,386.3500061035156,368.04998779296875,375.25,368.4314880371094,1227979
2016-11-01 00:00:00+05:30,378.0,386.8999938964844,377.20001220703125,379.45001220703125,372.55523681640625,1217783
2016-11-02 00:00:00+05:30,373.3999938964844,390.79998779296875,370.04998779296875,372.1499938964844,365.3878479003906,3177947
2016-11-03 00:00:00+05:30,374.0,386.3999938964844,368.54998779296875,371.6000061035156,364.8478088378906,1826502
2016-11-04 00:00:00+05:30,374.0,374.70001220703125,350.0,352.0,345.6039733886719,1361991
2016-11-07 00:00:00+05:30,360.04998779296875,365.0,355.5,357.54998779296875,351.0531005859375,693282
2016-11-08 00:00:00+05:30,360.79998779296875,362.0,346.0,346.8500061035156,340.5475769042969,657710
2016-11-09 00:00:00+05:30,299.0,336.8999938964844,290.25,332.70001220703125,326.6546936035156,1717022
2016-11-10 00:00:00+05:30,342.0,358.6000061035156,340.25,353.79998779296875,347.3712463378906,1227643
2016-11-11 00:00:00+05:30,350.0,351.3500061035156,332.1000061035156,334.70001220703125,328.61834716796875,816555
2016-11-15 00:00:00+05:30,335.0,335.0,295.29998779296875,299.1000061035156,293.6652526855469,1093624
2016-11-16 00:00:00+05:30,307.0,314.0,299.04998779296875,301.04998779296875,295.5797424316406,987574
2016-11-17 00:00:00+05:30,303.0,307.95001220703125,295.0,299.1000061035156,293.6652526855469,504749
2016-11-18 00:00:00+05:30,303.8999938964844,308.5,294.04998779296875,301.3999938964844,295.92340087890625,936451
2016-11-21 00:00:00+05:30,303.6499938964844,303.6499938964844,280.0,283.3500061035156,278.2013854980469,833018
2016-11-22 00:00:00+05:30,285.1499938964844,300.0,270.0,291.95001220703125,286.6451416015625,1556945
2016-11-23 00:00:00+05:30,298.70001220703125,308.95001220703125,292.20001220703125,301.45001220703125,295.97247314453125,1508773
2016-11-24 00:00:00+05:30,300.0,304.29998779296875,295.20001220703125,297.54998779296875,292.143310546875,712733
2016-11-25 00:00:00+05:30,300.0,312.3999938964844,296.70001220703125,309.25,303.63079833984375,1267568
2016-11-28 00:00:00+05:30,308.20001220703125,321.5,305.1499938964844,318.8999938964844,313.1054382324219,1674151
2016-11-29 00:00:00+05:30,320.0,327.95001220703125,318.0,320.29998779296875,314.47998046875,1093476
2016-11-30 00:00:00+05:30,323.0,328.5,318.1499938964844,322.70001220703125,316.8363952636719,1041917
2016-12-01 00:00:00+05:30,324.8999938964844,326.5,315.95001220703125,318.95001220703125,313.1545104980469,757011
2016-12-02 00:00:00+05:30,316.0,320.29998779296875,311.1000061035156,313.54998779296875,307.8526306152344,489771
2016-12-05 00:00:00+05:30,314.54998779296875,322.75,312.1000061035156,320.95001220703125,315.1181945800781,726691
2016-12-06 00:00:00+05:30,322.8999938964844,325.8999938964844,318.1000061035156,319.70001220703125,313.890869140625,437501
2016-12-07 00:00:00+05:30,321.6499938964844,326.3500061035156,315.8999938964844,319.45001220703125,313.6454162597656,585863
2016-12-08 00:00:00+05:30,324.8999938964844,329.6000061035156,322.0,325.6000061035156,319.6836853027344,768001
2016-12-09 00:00:00+05:30,326.5,331.0,325.1499938964844,326.25,320.3218688964844,590532
2016-12-12 00:00:00+05:30,326.04998779296875,328.0,316.6000061035156,319.75,313.93994140625,459527
2016-12-13 00:00:00+05:30,320.0,325.5,317.0,319.29998779296875,313.4981384277344,1984127
2016-12-14 00:00:00+05:30,320.3999938964844,323.1499938964844,312.75,314.6499938964844,308.9326477050781,368067
2016-12-15 00:00:00+05:30,309.0,321.8999938964844,308.25,319.1000061035156,313.3017578125,669926
2016-12-16 00:00:00+05:30,319.8999938964844,319.8999938964844,312.25,313.3999938964844,307.70538330078125,521532
2016-12-19 00:00:00+05:30,313.79998779296875,313.8500061035156,303.0,305.8999938964844,300.34161376953125,399145
2016-12-20 00:00:00+05:30,304.1000061035156,308.45001220703125,297.1000061035156,298.1000061035156,292.683349609375,476623
2016-12-21 00:00:00+05:30,299.8500061035156,300.70001220703125,285.0,286.29998779296875,281.0977783203125,1157966
2016-12-22 00:00:00+05:30,282.0,294.6000061035156,282.0,287.25,282.0305480957031,953137
2016-12-23 00:00:00+05:30,286.1000061035156,295.25,284.45001220703125,290.20001220703125,284.9269104003906,1033836
2016-12-26 00:00:00+05:30,288.0,289.0,277.04998779296875,279.45001220703125,274.3722839355469,518588
2016-12-27 00:00:00+05:30,281.0,291.5,279.3500061035156,288.95001220703125,283.69964599609375,662807
2016-12-28 00:00:00+05:30,290.20001220703125,297.25,288.1000061035156,289.8999938964844,284.6323547363281,529442
2016-12-29 00:00:00+05:30,292.0,294.29998779296875,289.1000061035156,292.6499938964844,287.3323669433594,587860
2016-12-30 00:00:00+05:30,294.75,301.29998779296875,292.79998779296875,296.70001220703125,291.3088073730469,740082
2017-01-02 00:00:00+05:30,298.95001220703125,324.0,293.5,320.75,314.9217834472656,2996742
2017-01-03 00:00:00+05:30,321.5,329.25,318.75,326.6499938964844,320.7145690917969,1859220
2017-01-04 00:00:00+05:30,326.70001220703125,329.6000061035156,320.04998779296875,321.29998779296875,315.4617919921875,696439
2017-01-05 00:00:00+05:30,322.70001220703125,333.0,322.70001220703125,329.54998779296875,323.5618896484375,1123767
2017-01-06 00:00:00+05:30,331.1499938964844,335.0,320.0,328.25,322.2855224609375,862494
2017-01-09 00:00:00+05:30,329.0,329.8999938964844,322.25,324.0,318.1127624511719,441094
2017-01-10 00:00:00+05:30,325.70001220703125,339.1000061035156,323.1000061035156,337.1000061035156,330.9747009277344,1560848
2017-01-11 00:00:00+05:30,341.1000061035156,367.5,340.79998779296875,359.79998779296875,353.26220703125,3587195
2017-01-12 00:00:00+05:30,360.79998779296875,362.6000061035156,350.6000061035156,356.6499938964844,350.16943359375,951588
2017-01-13 00:00:00+05:30,357.25,366.29998779296875,352.0,358.79998779296875,352.2803649902344,1037527
2017-01-16 00:00:00+05:30,356.29998779296875,365.0,354.25,360.70001220703125,354.1459045410156,722460
2017-01-17 00:00:00+05:30,364.0,371.79998779296875,361.54998779296875,366.8500061035156,360.1841125488281,1314218
2017-01-18 00:00:00+05:30,368.0,373.6499938964844,363.25,367.3999938964844,360.7241516113281,1092129
2017-01-19 00:00:00+05:30,367.0,367.0,360.1000061035156,361.54998779296875,354.98046875,440153
2017-01-20 00:00:00+05:30,360.70001220703125,360.70001220703125,345.0,346.6499938964844,340.35113525390625,589563
2017-01-23 00:00:00+05:30,348.6499938964844,365.95001220703125,343.29998779296875,359.0,352.4767761230469,946360
2017-01-24 00:00:00+05:30,363.1499938964844,367.8999938964844,360.1000061035156,363.8500061035156,357.2386474609375,1242443
2017-01-25 00:00:00+05:30,366.25,368.45001220703125,362.45001220703125,364.1499938964844,357.5331726074219,640139
2017-01-27 00:00:00+05:30,365.1000061035156,374.70001220703125,362.0,371.29998779296875,364.5532531738281,1318307
2017-01-30 00:00:00+05:30,372.20001220703125,375.8999938964844,367.0,369.3500061035156,362.6387634277344,674434
2017-01-31 00:00:00+05:30,371.0,372.0,362.54998779296875,363.6000061035156,356.9931945800781,446267
2017-02-01 00:00:00+05:30,365.0,383.29998779296875,361.20001220703125,379.79998779296875,372.8988342285156,1970564
2017-02-02 00:00:00+05:30,379.70001220703125,379.8999938964844,371.6000061035156,375.04998779296875,368.235107421875,592607
2017-02-03 00:00:00+05:30,372.54998779296875,386.0,372.54998779296875,380.25,373.3406066894531,1321966
2017-02-06 00:00:00+05:30,384.6000061035156,388.0,380.8500061035156,383.1499938964844,376.18798828125,780934
2017-02-07 00:00:00+05:30,383.3999938964844,397.25,381.0,394.29998779296875,387.1353454589844,1822249
2017-02-08 00:00:00+05:30,395.79998779296875,396.95001220703125,385.6000061035156,389.75,382.6680603027344,792070
2017-02-09 00:00:00+05:30,392.79998779296875,404.25,385.1000061035156,393.1499938964844,386.0062561035156,3988702
2017-02-10 00:00:00+05:30,394.79998779296875,397.0,387.45001220703125,390.29998779296875,383.2080383300781,852371
2017-02-13 00:00:00+05:30,392.0,392.0,375.04998779296875,381.75,374.81341552734375,631353
2017-02-14 00:00:00+05:30,384.1499938964844,388.8999938964844,382.1000061035156,384.6000061035156,377.61163330078125,578831
2017-02-15 00:00:00+05:30,384.75,415.3999938964844,380.1000061035156,407.6000061035156,400.1936950683594,5729740
2017-02-16 00:00:00+05:30,403.8500061035156,411.70001220703125,402.3999938964844,409.8500061035156,402.4028015136719,2401487
2017-02-17 00:00:00+05:30,411.79998779296875,417.8999938964844,405.6499938964844,408.8500061035156,401.4209899902344,1650962
2017-02-20 00:00:00+05:30,407.0,415.3999938964844,405.6499938964844,411.3999938964844,403.92462158203125,785166
2017-02-21 00:00:00+05:30,411.95001220703125,422.3999938964844,409.0,419.70001220703125,412.0738220214844,1825599
2017-02-22 00:00:00+05:30,420.0,427.3999938964844,415.6499938964844,425.1499938964844,417.4247741699219,1517007
2017-02-23 00:00:00+05:30,423.95001220703125,427.0,418.6000061035156,420.6000061035156,412.9574890136719,801021
2017-02-27 00:00:00+05:30,422.29998779296875,458.70001220703125,421.0,453.8500061035156,445.6033020019531,3623164
2017-02-28 00:00:00+05:30,456.0,463.45001220703125,445.0,449.04998779296875,440.8905029296875,1516538
2017-03-01 00:00:00+05:30,450.8999938964844,467.79998779296875,445.54998779296875,461.70001220703125,453.3106994628906,1981645
2017-03-02 00:00:00+05:30,461.0,466.3999938964844,452.79998779296875,459.20001220703125,450.8561096191406,1756805
2017-03-03 00:00:00+05:30,459.04998779296875,492.70001220703125,456.95001220703125,489.20001220703125,480.31097412109375,5608979
2017-03-06 00:00:00+05:30,491.6499938964844,493.8999938964844,480.54998779296875,485.75,476.92364501953125,1779592
2017-03-07 00:00:00+05:30,487.1000061035156,504.45001220703125,487.1000061035156,494.54998779296875,485.5637512207031,3506975
2017-03-08 00:00:00+05:30,493.0,502.0,490.0,493.95001220703125,484.9747009277344,2043508
2017-03-09 00:00:00+05:30,493.1000061035156,500.0,492.1000061035156,496.1499938964844,487.1347351074219,816073
2017-03-10 00:00:00+05:30,500.8999938964844,517.7000122070312,500.0,509.6499938964844,500.3893737792969,3109513
2017-03-14 00:00:00+05:30,524.9000244140625,528.2999877929688,515.3499755859375,519.4500122070312,510.0113525390625,1221469
2017-03-15 00:00:00+05:30,519.0,526.0,516.0,520.2000122070312,510.7477111816406,844678
2017-03-16 00:00:00+05:30,523.5999755859375,524.9500122070312,517.5,518.8499755859375,509.42218017578125,614651
2017-03-17 00:00:00+05:30,519.9500122070312,521.9000244140625,510.0,514.3499755859375,505.00396728515625,668846
2017-03-20 00:00:00+05:30,516.9500122070312,527.5,515.0,520.8499755859375,511.38580322265625,1303530
2017-03-21 00:00:00+05:30,521.4500122070312,531.4000244140625,521.4500122070312,527.0499877929688,517.4732055664062,1103503
2017-03-22 00:00:00+05:30,524.4000244140625,527.0,517.6500244140625,521.75,512.26953125,615400
2017-03-23 00:00:00+05:30,527.0,535.9000244140625,525.4000244140625,531.25,521.596923828125,1196281
2017-03-24 00:00:00+05:30,531.25,532.8499755859375,525.5499877929688,527.9000244140625,518.3077392578125,529161
2017-03-27 00:00:00+05:30,526.0999755859375,527.9000244140625,514.5,522.7000122070312,513.2022705078125,444563
2017-03-28 00:00:00+05:30,521.5999755859375,529.0,519.0,523.5499877929688,514.0369262695312,439214
2017-03-29 00:00:00+05:30,524.0,534.0,523.5,529.9000244140625,520.2714233398438,739699
2017-03-30 00:00:00+05:30,530.5499877929688,543.9500122070312,530.5499877929688,535.1500244140625,525.4260864257812,1186843
2017-03-31 00:00:00+05:30,539.5,549.0,533.5499877929688,538.75,528.9606323242188,1392705
2017-04-03 00:00:00+05:30,545.0999755859375,548.4500122070312,536.25,537.5,527.7333374023438,971485
2017-04-05 00:00:00+05:30,538.9500122070312,544.75,535.7999877929688,538.0,528.2241821289062,720207
2017-04-06 00:00:00+05:30,535.0,537.7999877929688,528.0,529.9500122070312,520.3204956054688,507869
2017-04-07 00:00:00+05:30,527.0,533.25,520.2000122070312,522.2000122070312,512.7113037109375,735016
2017-04-10 00:00:00+05:30,523.4500122070312,546.9500122070312,521.0,545.2999877929688,535.3914794921875,1777593
2017-04-11 00:00:00+05:30,548.0,559.4000244140625,548.0,550.6500244140625,540.6444091796875,1855162
2017-04-12 00:00:00+05:30,551.9000244140625,552.5999755859375,535.9000244140625,546.2000122070312,536.2753295898438,745924
2017-04-13 00:00:00+05:30,544.0,556.7999877929688,538.25,545.8499755859375,535.9315185546875,966585
2017-04-17 00:00:00+05:30,545.0,561.9000244140625,542.4500122070312,551.0,540.988037109375,940808
2017-04-18 00:00:00+05:30,555.0,559.4000244140625,535.0999755859375,541.5499877929688,531.7097778320312,816109
2017-04-19 00:00:00+05:30,544.0,555.0,541.0999755859375,546.0,536.0789184570312,664523
2017-04-20 00:00:00+05:30,548.5,553.0,544.0499877929688,548.0499877929688,538.0916748046875,449421
2017-04-21 00:00:00+05:30,548.0499877929688,563.5,546.25,556.4000244140625,546.2898559570312,1364102
2017-04-24 00:00:00+05:30,556.4000244140625,558.7000122070312,548.3499755859375,550.6500244140625,540.6444091796875,469874
2017-04-25 00:00:00+05:30,552.25,559.25,549.1500244140625,551.75,541.7244262695312,625515
2017-04-26 00:00:00+05:30,555.25,561.0,542.5999755859375,549.5499877929688,539.5643920898438,1037251
2017-04-27 00:00:00+05:30,548.9000244140625,551.75,543.0999755859375,546.2999877929688,536.3734130859375,428819
2017-04-28 00:00:00+05:30,548.9500122070312,554.7000122070312,545.2999877929688,547.5,537.5515747070312,506236
2017-05-02 00:00:00+05:30,555.0,570.0,553.25,564.6500244140625,554.3900756835938,1944733
2017-05-03 00:00:00+05:30,568.0,577.0,566.0499877929688,568.6500244140625,558.3173828125,1136352
2017-05-04 00:00:00+05:30,568.0,574.5,564.0999755859375,568.7000122070312,558.3663940429688,629251
2017-05-05 00:00:00+05:30,569.9000244140625,595.5999755859375,565.6500244140625,592.5999755859375,581.8321533203125,2122966
2017-05-08 00:00:00+05:30,595.0,612.75,593.0999755859375,602.5999755859375,591.650390625,2522025
2017-05-09 00:00:00+05:30,605.0,607.0,593.4000244140625,600.7000122070312,589.7849731445312,787285
2017-05-10 00:00:00+05:30,604.7000122070312,649.4000244140625,602.0499877929688,634.1500244140625,622.6270751953125,6644012
2017-05-11 00:00:00+05:30,634.75,654.0,628.2000122070312,646.9000244140625,635.1455078125,3743045
2017-05-12 00:00:00+05:30,645.0,654.2999877929688,640.2000122070312,646.7999877929688,635.0472412109375,1222897
2017-05-15 00:00:00+05:30,651.0,661.2999877929688,642.2999877929688,648.7999877929688,637.010986328125,1087779
2017-05-16 00:00:00+05:30,651.0,659.5999755859375,651.0,655.9000244140625,643.9819946289062,758003
2017-05-17 00:00:00+05:30,653.25,658.0,648.0,653.8499755859375,641.9691772460938,557095
2017-05-18 00:00:00+05:30,649.0,652.0499877929688,632.7999877929688,635.5999755859375,624.0507202148438,571770
2017-05-19 00:00:00+05:30,640.0,650.7999877929688,633.25,640.0999755859375,628.468994140625,676817
2017-05-22 00:00:00+05:30,645.0,647.9000244140625,615.7999877929688,617.2000122070312,605.985107421875,741234
2017-05-23 00:00:00+05:30,621.5,623.25,589.4500122070312,595.6500244140625,584.8267211914062,1185709
2017-05-24 00:00:00+05:30,588.5999755859375,620.0,583.0999755859375,601.25,590.324951171875,1543605
2017-05-25 00:00:00+05:30,608.7000122070312,634.7000122070312,608.0999755859375,630.2000122070312,618.7489013671875,957634
2017-05-26 00:00:00+05:30,635.0499877929688,651.75,634.0,642.7000122070312,631.0218505859375,1279579
2017-05-29 00:00:00+05:30,644.0,684.7000122070312,643.0,671.25,659.052978515625,5471956
2017-05-30 00:00:00+05:30,674.0,684.0,663.0,668.9500122070312,656.7947387695312,2103429
2017-05-31 00:00:00+05:30,670.9500122070312,696.75,663.5999755859375,692.9500122070312,680.3587646484375,2439108
2017-06-01 00:00:00+05:30,697.0,706.5999755859375,688.8499755859375,692.7000122070312,680.1132202148438,2101901
2017-06-02 00:00:00+05:30,695.0,718.75,695.0,716.3499755859375,703.33349609375,2350526
2017-06-05 00:00:00+05:30,720.0,749.9000244140625,713.7000122070312,745.25,731.7083740234375,2988123
2017-06-06 00:00:00+05:30,750.0,767.5499877929688,741.5,751.5,737.8448486328125,3572366
2017-06-07 00:00:00+05:30,757.5499877929688,763.5999755859375,744.3499755859375,752.4000244140625,738.728515625,1997953
2017-06-08 00:00:00+05:30,756.0,756.2999877929688,745.2000122070312,749.2999877929688,735.6847534179688,868066
2017-06-09 00:00:00+05:30,749.7000122070312,757.0499877929688,742.25,748.7000122070312,735.095703125,1369519
2017-06-12 00:00:00+05:30,754.4500122070312,761.0,737.2000122070312,741.1500244140625,727.6829833984375,1927109
2017-06-13 00:00:00+05:30,747.0,751.0,739.5999755859375,741.2999877929688,727.8301391601562,700510
2017-06-14 00:00:00+05:30,744.9000244140625,745.9500122070312,712.0,717.0,703.9717407226562,2420797
2017-06-15 00:00:00+05:30,719.0,727.6500244140625,704.75,709.0999755859375,696.2152709960938,1915090
2017-06-16 00:00:00+05:30,714.0,722.0,706.6500244140625,709.5999755859375,696.7062377929688,2150450
2017-06-19 00:00:00+05:30,711.0999755859375,715.7999877929688,698.0,707.8499755859375,694.9879760742188,1903137
2017-06-20 00:00:00+05:30,712.9000244140625,728.5,710.2000122070312,724.6500244140625,711.482666015625,2153796
2017-06-21 00:00:00+05:30,726.0,731.7999877929688,714.5999755859375,718.5999755859375,705.5426635742188,1391854
2017-06-22 00:00:00+05:30,719.4500122070312,723.9000244140625,706.5999755859375,709.1500244140625,696.2643432617188,813848
2017-06-23 00:00:00+05:30,709.9000244140625,709.9000244140625,676.1500244140625,678.0499877929688,665.7294311523438,1719292
2017-06-27 00:00:00+05:30,678.0999755859375,680.5999755859375,642.2999877929688,650.7000122070312,638.87646484375,1729471
2017-06-28 00:00:00+05:30,644.9000244140625,658.7999877929688,635.0,654.5499877929688,642.656494140625,1791112
2017-06-29 00:00:00+05:30,660.2000122070312,675.5999755859375,655.3499755859375,663.4000244140625,651.3456420898438,1767053
2017-06-30 00:00:00+05:30,660.0,660.9000244140625,635.2999877929688,645.1500244140625,633.42724609375,1455009
